,CTRL_0_R1,CTRL_0_R2,CTRL_0_R3,PT1_0_R1,PT1_0_R2,PT1_0_R3,PT1_9.6_R1,PT1_9.6_R2,PT1_9.6_R3,PT1_9.6_R4,PT1_15.4_R1,PT1_15.4_R2,PT1_15.4_R3,PT1_15.4_R4,PT2_0_R1,PT2_0_R2,PT2_0_R3,PT2_9.6_R1,PT2_9.6_R2,PT2_9.6_R3,PT2_9.6_R4,PT2_15.4_R1,PT2_15.4_R2,PT2_15.4_R3,PT2_15.4_R4,PT3_0_R1,PT3_0_R2,PT3_0_R3,PT3_9.6_R1,PT3_9.6_R2,PT3_9.6_R3,PT3_9.6_R4,PT3_15.4_R1,PT3_15.4_R2,PT3_15.4_R3,PT3_15.4_R4,PT4_0_R1,PT4_0_R2,PT4_0_R3,PT4_9.6_R1,PT4_9.6_R2,PT4_9.6_R3,PT4_9.6_R4,PT4_15.4_R1,PT4_15.4_R2,PT4_15.4_R3,PT4_15.4_R4,PT5_0_R1,PT5_0_R2,PT5_0_R3,PT5_9.6_R1,PT5_9.6_R2,PT5_9.6_R3,PT5_9.6_R4,PT5_15.4_R1,PT5_15.4_R2,PT5_15.4_R3,PT5_15.4_R4
L03F6075,0,0,0,6,0,0,0,0,0,0,1,0,1,1,2,1,2,0,0,1,0,0,15,2,0,2,0,0,1,0,5,1,2,0,2,4,5,2,12,0,0,0,3,2,0,1,0,2,0,2,0,0,0,0,4,0,10,1
L03F6076,0,0,0,269,51,63,2,0,0,127,139,146,126,430,65,104,130,90,76,158,19,134,415,151,200,207,107,51,127,102,117,137,130,13,160,246,381,179,410,7,0,2,281,191,137,160,85,297,297,439,143,118,225,222,253,251,846,459
L03F6077,0,0,1,4,1,1,0,0,0,1,2,2,0,2,8,6,6,2,1,1,1,2,5,3,5,11,8,3,0,2,3,1,2,0,0,2,6,28,18,0,0,0,6,20,15,12,9,18,20,19,4,4,1,5,12,3,20,11
L03F6078,0,0,0,122,14,26,0,0,0,84,77,82,78,248,14,54,63,23,11,26,0,17,76,12,39,50,33,19,40,26,25,39,20,3,85,36,153,83,133,4,1,0,172,86,72,143,50,63,65,133,34,26,27,49,59,49,141,68
L03F6079,0,0,0,1,3,2,13,0,0,6,111,32,2,14,0,2,13,0,1,5,0,2,12,3,7,9,4,2,88,3,2,5,5,1,14,9,32,4,34,0,0,0,7,9,4,5,2,5,5,7,6,4,7,2,6,3,21,9
L03F6080,0,0,0,0,0,0,0,0,0,0,0,0,0,0,0,1,0,0,0,0,0,0,0,0,0,0,0,0,0,0,0,0,0,0,0,0,0,0,0,0,0,0,0,0,0,0,0,0,0,0,0,0,0,0,0,0,0,0
L03F6081,0,0,0,1,1,0,0,0,0,0,0,0,0,0,0,0,1,0,0,0,0,1,1,0,0,0,0,0,0,0,0,0,0,0,0,0,0,0,0,0,0,0,0,0,0,0,0,0,0,0,0,0,0,0,0,0,0,0
L03F6082,0,0,0,48,7,18,0,0,0,21,18,27,23,61,22,31,34,15,8,38,2,25,84,13,42,50,38,12,18,13,22,29,23,8,27,54,54,54,46,0,0,0,31,47,33,32,18,52,49,64,21,22,7,31,34,32,118,61
L03F6083,0,0,0,18,2,7,0,0,0,11,15,15,8,30,7,5,6,10,7,28,1,17,38,15,24,33,16,10,2,11,8,13,11,4,7,31,8,7,13,0,0,0,16,7,8,29,8,23,23,42,14,10,10,16,16,31,74,47
L03F6084,0,0,0,4,0,3,0,0,0,6,10,4,6,9,3,4,0,4,7,16,1,10,19,7,28,16,1,4,1,3,9,8,3,0,7,11,11,5,5,1,0,0,4,1,4,2,3,9,8,24,12,7,5,6,9,14,64,23
L03F6085,0,0,0,16,20,3,0,0,0,2,29,3,2,7,16,30,5,6,6,52,58,17,61,14,18,3,0,0,2,2,3,10,18,0,16,19,6,5,6,4,0,2,4,20,17,15,7,16,13,20,12,2,7,23,14,14,105,81
L03F6086,0,0,0,2,9,1,0,0,0,0,4,0,0,4,0,1,4,0,0,13,4,1,2,2,6,2,0,1,0,1,2,2,1,0,2,2,0,1,1,0,0,0,0,0,8,1,3,1,1,1,0,0,1,0,2,1,3,4
L03F6087,0,0,0,279,90,67,0,6,1,150,243,157,130,537,107,231,98,110,140,567,822,167,1264,270,292,113,41,28,115,107,155,208,271,28,207,421,219,152,215,31,1,4,465,231,360,367,182,176,194,307,182,77,185,354,320,295,1562,661
L03F6088,0,0,0,0,0,0,0,0,0,0,0,0,0,1,2,0,1,0,0,0,0,0,0,0,1,1,0,0,0,1,0,0,0,0,0,0,0,0,0,0,0,0,0,0,0,0,0,0,0,0,1,0,0,0,0,0,1,0
L03F6089,1,0,4,386,93,88,6,1,1,169,222,201,146,524,100,219,223,140,111,204,42,250,803,218,291,297,170,73,156,180,178,223,182,36,240,469,531,335,524,8,0,0,250,300,163,322,95,318,355,471,190,153,131,283,370,342,1039,627
L03F6090,0,0,2,220,45,46,0,1,1,78,62,107,61,215,50,84,114,93,50,129,21,127,421,117,130,244,123,48,44,114,128,129,108,20,56,255,270,256,225,8,0,0,146,203,92,119,41,139,133,208,96,70,58,119,98,123,470,230
L03F6091,0,0,0,1,0,0,0,0,0,1,1,2,0,6,0,0,2,0,1,0,0,1,6,1,1,8,1,0,2,1,0,0,1,0,5,2,15,1,14,0,0,0,0,2,5,3,0,1,0,3,1,1,0,1,1,1,3,2
L03F6092,0,0,3,7,2,1,0,0,0,2,4,2,4,5,4,2,4,1,7,4,0,7,11,6,8,13,4,1,1,1,4,4,6,0,1,4,5,14,11,0,0,0,9,8,4,11,1,4,5,10,2,2,4,2,1,3,12,2
L03F6093,0,0,0,2,1,0,0,0,0,1,0,1,1,5,0,0,1,0,0,0,0,0,1,0,0,0,0,0,3,0,0,0,0,0,1,2,15,1,5,1,0,0,6,2,5,2,4,0,0,0,1,0,0,1,0,0,0,0
L03F6094,0,0,0,0,0,1,0,0,0,1,2,0,1,3,0,0,1,0,0,0,0,0,0,0,0,1,0,0,0,1,1,0,0,0,1,0,4,0,2,0,0,0,5,0,1,3,0,0,0,1,0,0,0,0,1,0,1,0
L03F6095,0,0,0,1,0,0,0,0,0,0,6,0,1,1,0,1,0,0,0,0,0,0,0,0,0,0,0,0,0,0,0,1,0,0,0,2,0,2,0,0,0,0,0,2,1,2,2,0,0,0,0,0,0,0,1,0,1,0
L03F6096,0,0,1,461,91,111,8,3,0,248,255,244,227,674,138,187,290,174,147,329,32,247,924,281,408,372,189,77,268,148,188,219,184,32,346,378,894,651,1064,28,0,0,706,593,343,429,180,621,659,852,352,238,215,412,575,559,1729,931
L03F6097,0,0,0,0,0,0,0,0,0,0,0,0,0,1,0,0,1,0,0,0,0,0,0,0,0,0,0,0,0,0,0,0,0,0,0,0,0,0,0,0,0,0,0,0,0,0,0,0,0,0,0,0,0,0,0,0,0,0
L03F6098,0,0,0,314,79,85,6,1,0,91,191,97,121,311,62,160,186,88,92,233,114,141,587,196,247,238,112,61,95,93,133,145,142,24,173,286,389,275,590,10,1,1,217,187,193,274,126,401,429,518,201,135,130,343,271,276,986,868
L03F6099,0,0,0,0,0,4,0,0,0,1,1,0,3,3,0,2,1,1,0,0,0,2,4,1,0,2,2,0,1,0,0,1,0,0,1,3,5,2,2,0,0,0,1,3,2,1,0,1,0,8,1,0,1,3,4,1,3,1
L03F6100,0,0,0,1,0,0,0,0,0,1,0,0,0,0,0,0,2,0,0,0,0,0,1,0,0,0,0,0,0,0,0,0,0,0,0,0,0,0,0,0,0,0,0,0,0,1,0,0,0,0,0,0,0,0,0,0,0,0
L03F6101,0,0,0,9,3,1,0,0,0,2,7,6,11,35,6,6,10,2,3,2,0,1,8,6,6,12,10,2,1,2,5,5,1,0,6,8,17,5,24,0,0,0,13,6,6,17,4,5,10,8,5,2,4,6,7,7,18,15
L03F6102,0,0,0,48,7,16,1,0,0,25,35,33,26,91,6,20,26,22,15,29,5,32,104,33,39,62,38,10,42,22,29,33,25,6,35,51,90,28,79,0,0,0,44,40,22,21,12,42,47,51,27,17,13,35,39,37,127,74
L03F6103,0,0,0,6,5,4,0,0,0,2,5,2,2,9,5,14,9,2,1,4,1,2,12,6,4,8,8,2,1,2,2,5,3,3,2,11,15,19,30,0,0,0,7,10,4,18,7,18,22,10,2,1,2,2,7,7,9,24
L03F6104,0,0,0,15,3,0,1,0,0,3,5,2,2,9,3,1,6,1,0,4,2,0,37,4,5,15,8,2,0,5,4,6,7,0,3,4,11,6,18,0,0,0,10,7,3,6,4,4,2,2,3,1,1,4,2,1,13,9
L03F6105,0,0,0,0,0,0,0,0,0,0,0,0,0,0,0,0,0,0,0,0,0,0,4,1,0,0,0,0,0,0,0,0,0,0,0,0,0,0,0,0,0,0,0,0,0,0,0,0,0,0,0,0,0,0,0,0,0,0
L03F6106,0,0,0,102,28,30,1,2,0,28,49,22,38,66,16,41,77,23,17,26,4,31,140,23,47,51,30,8,31,22,27,26,26,7,41,47,108,38,192,5,0,0,58,27,30,107,20,75,97,145,38,36,39,48,73,70,164,86
L03F6107,0,0,0,53,11,14,0,0,1,19,35,16,17,72,20,15,40,12,6,19,3,32,117,23,39,71,39,15,28,11,14,19,15,1,49,29,98,64,82,2,0,0,70,22,23,29,19,46,44,60,31,28,12,34,34,23,109,69
L03F6108,0,0,0,0,0,0,0,0,0,0,0,0,0,0,0,0,0,0,0,0,0,0,0,0,0,0,0,0,0,0,0,0,0,0,0,0,0,1,0,0,0,0,0,0,0,0,0,0,0,0,0,0,0,0,0,0,0,0
L03F6109,0,0,0,10,3,1,0,0,0,3,2,2,11,16,2,3,13,2,4,0,0,0,16,0,2,4,2,0,3,3,1,0,1,0,3,2,24,38,39,2,0,0,8,29,4,6,0,8,6,17,4,2,5,5,7,6,10,6
L03F6110,0,0,0,0,0,0,0,0,0,0,0,0,0,0,0,0,0,0,0,0,0,0,1,0,0,0,0,0,0,0,0,0,0,0,0,0,0,0,0,0,0,0,0,0,0,0,0,0,0,0,0,0,0,0,0,0,0,0
L03F6111,1,1,7,2192,456,574,4,10,5,789,861,1033,873,2650,672,1267,1102,526,331,620,126,820,2404,762,944,2170,1140,492,700,611,781,837,799,131,993,1793,3715,1346,2801,39,4,5,1192,1085,796,1055,456,1393,1419,1631,635,623,422,953,1126,1044,4012,2332
L03F6112,0,0,0,42,5,8,0,0,0,13,23,15,12,41,6,11,24,18,17,29,6,26,142,45,40,25,12,6,16,6,24,28,18,3,22,33,36,54,52,2,0,0,48,61,31,58,15,38,41,67,28,18,8,30,43,48,123,77
L03F6113,0,0,0,0,0,0,0,0,0,0,0,0,0,0,0,0,0,0,0,0,0,0,1,0,0,0,0,0,0,0,0,0,0,0,0,0,0,0,0,0,0,0,1,0,0,0,0,0,0,0,0,0,0,0,0,2,0,0
L03F6114,0,0,0,0,0,0,0,0,0,0,0,0,0,2,0,0,0,0,0,0,0,0,0,0,0,1,1,0,0,1,0,0,0,0,0,1,0,1,0,0,0,0,0,0,0,0,0,1,0,0,0,1,0,0,1,0,0,1
L03F6115,0,0,0,0,0,0,0,0,0,0,0,1,0,0,0,0,2,0,0,0,0,0,0,0,0,0,0,0,0,0,0,0,0,0,0,0,0,0,0,0,0,0,0,0,0,0,0,0,0,0,0,0,0,0,0,0,0,0
L03F6116,0,0,1,2,2,2,0,1,0,2,3,3,1,5,0,2,3,4,3,15,21,2,34,8,5,6,0,0,0,1,1,1,8,0,0,6,8,6,7,0,0,0,5,7,5,7,2,0,3,8,3,0,1,6,9,5,9,6
L03F6117,0,0,0,3,1,1,0,0,0,0,0,2,1,1,0,1,0,0,0,0,0,0,0,0,0,2,1,0,0,0,0,0,0,0,0,0,1,0,0,0,0,0,0,0,0,0,0,0,0,1,1,0,0,0,0,0,2,1
L03F6118,0,0,0,3,2,2,0,0,0,0,1,0,3,4,0,0,3,0,1,1,0,0,5,1,2,2,0,0,0,2,0,0,0,0,0,1,1,2,7,0,0,0,1,0,0,0,0,1,1,1,0,0,1,0,3,0,0,0
L03F6119,0,0,0,24,7,2,0,0,0,14,15,13,12,43,3,13,11,5,10,16,2,8,41,18,20,13,7,2,10,7,13,17,12,0,17,33,37,13,32,2,0,0,28,13,17,27,5,13,12,23,6,9,4,15,22,19,42,25
L03F6120,0,0,0,1,0,0,0,0,0,0,0,0,0,1,0,0,0,0,1,0,0,0,0,1,0,0,0,0,0,0,0,1,1,0,0,0,1,0,0,0,0,0,0,0,0,0,0,1,0,0,0,0,1,0,0,0,0,2
L03F6121,0,0,0,6,0,0,0,0,0,1,56,1,2,5,0,5,0,1,0,0,1,2,5,14,0,0,0,1,4,0,0,1,2,0,0,1,1,1,4,0,0,0,0,1,4,3,1,1,0,0,1,1,0,0,2,1,8,4
L03F6122,0,0,0,1,1,0,0,0,0,3,0,20,2,8,2,4,4,0,0,1,0,0,0,2,0,1,3,1,0,0,0,0,1,0,1,4,11,4,2,0,0,0,0,3,2,1,1,1,1,1,2,0,0,0,2,2,1,1
L03F6123,0,0,0,28,1,11,0,0,0,4,6,7,2,5,3,18,22,4,4,7,0,5,16,5,3,10,10,3,11,2,7,5,9,1,24,20,56,15,6,0,0,0,5,12,6,0,1,20,29,36,6,9,12,9,18,13,33,22
L03F6124,0,0,0,20,4,12,0,0,0,14,18,21,16,41,9,23,30,18,7,9,4,27,58,5,13,18,16,6,17,9,20,21,34,7,21,36,76,14,23,0,0,0,13,14,3,9,2,26,38,38,7,16,12,18,21,13,61,23
L03F6125,0,0,0,13,2,3,0,0,0,2,3,3,1,7,4,5,11,2,2,0,0,2,6,2,2,6,4,3,3,3,4,5,5,0,9,8,26,4,6,0,0,0,0,5,3,1,0,11,9,28,4,7,8,10,9,5,28,7
L03F6126,0,0,0,8,2,1,0,0,0,0,2,3,1,2,0,4,7,2,0,0,0,1,0,0,0,8,2,2,2,1,0,1,1,0,1,3,6,3,3,0,0,0,1,0,0,1,0,9,9,10,1,3,4,3,5,1,4,5
L03F6127,0,0,0,13,3,4,0,0,0,4,1,4,1,6,7,13,20,3,3,4,2,2,15,4,2,8,2,4,5,2,5,4,7,0,13,3,43,9,8,1,0,0,1,9,4,0,0,22,33,29,2,4,5,7,9,5,22,16
L03F6128,0,0,0,0,0,0,0,0,0,0,0,0,0,0,1,0,0,0,0,0,0,0,0,0,0,1,0,0,0,0,0,0,0,0,0,0,0,0,0,0,0,0,0,0,0,0,0,0,0,1,0,0,0,0,0,0,0,0
L03F6129,0,0,0,130,28,37,0,0,0,35,27,22,27,61,21,84,88,20,11,6,3,29,54,20,28,32,33,14,44,27,39,45,33,10,76,75,277,60,37,2,0,0,12,35,13,6,3,79,108,163,30,24,37,33,43,29,178,75
L03F6130,0,0,0,2,0,0,0,0,0,0,0,0,0,0,0,0,0,0,0,0,0,1,0,0,0,0,0,0,1,0,1,0,0,0,0,1,2,1,1,0,0,0,0,0,0,0,0,0,0,0,0,0,1,0,0,1,2,0
L03F6131,0,0,0,89,19,31,4,0,0,25,15,39,22,47,17,71,72,15,10,12,5,26,55,17,18,38,27,9,33,23,28,27,23,4,56,56,210,57,45,1,0,0,11,52,20,3,3,87,86,140,11,22,31,33,33,29,109,57
L03F6132,0,0,0,115,29,47,1,0,0,19,19,36,27,44,32,71,112,8,15,9,5,18,46,12,13,44,29,13,28,21,26,28,19,4,53,55,251,58,41,0,0,0,15,48,12,10,1,71,73,131,24,26,24,25,27,25,111,37
L03F6133,0,0,1,143,43,39,2,0,0,89,74,116,87,246,57,97,84,35,42,56,4,68,249,55,86,155,113,30,47,57,57,62,60,7,73,147,187,134,234,2,0,0,136,113,93,145,55,120,156,187,50,47,27,94,134,112,360,211
L03F6134,0,0,0,477,82,123,1,3,2,328,266,333,238,727,98,263,334,189,96,201,36,316,784,221,281,548,294,118,183,259,231,278,304,53,341,579,815,289,543,21,0,1,254,306,169,322,92,314,349,392,136,156,90,218,322,298,806,550
L03F6135,0,0,0,0,0,0,0,0,0,0,0,0,0,0,0,0,0,0,0,0,0,0,12,0,0,0,1,0,0,0,0,0,0,0,0,0,1,1,3,0,0,0,3,0,0,3,0,0,0,0,0,0,0,0,0,1,0,0
L03F6136,0,0,1,7,3,1,0,0,0,5,11,7,7,14,1,2,3,4,3,4,0,6,28,1,4,9,5,1,3,5,3,1,3,0,6,4,14,6,12,0,0,0,20,5,2,12,1,5,3,4,0,0,1,3,1,1,9,5
L03F6137,0,0,1,2,0,0,0,0,0,0,1,0,0,0,0,1,1,0,0,1,0,0,14,1,1,1,0,0,0,0,0,0,0,0,0,0,1,0,0,0,0,0,0,0,0,0,0,1,1,0,1,0,0,2,0,0,2,1
L03F6138,0,0,0,0,0,0,0,0,0,0,0,0,0,0,0,0,0,0,0,0,0,0,3,0,0,0,0,0,0,0,0,0,0,0,0,0,1,0,1,0,0,0,1,0,0,1,0,0,0,0,0,0,0,0,0,0,0,0
L03F6139,0,0,0,2,3,1,0,0,0,0,6,1,3,5,0,2,0,0,1,3,0,5,10,0,4,1,0,0,1,0,1,0,0,0,3,2,1,1,7,0,0,0,7,0,1,2,0,4,8,0,0,1,1,1,1,0,3,4
L03F6140,0,0,0,3,1,5,0,0,0,5,4,4,3,14,1,6,3,5,2,2,0,10,11,1,4,12,5,3,3,5,8,6,6,3,4,11,23,3,15,0,0,0,10,7,1,3,0,2,4,0,0,2,0,1,0,1,4,3
L03F6141,0,0,0,0,0,0,0,0,0,1,0,1,0,1,0,0,0,0,0,0,0,0,6,0,1,0,0,0,0,0,0,0,0,0,0,0,6,2,3,0,0,0,2,1,1,0,0,1,0,1,0,1,0,0,0,0,1,0
L03F6142,0,0,0,0,0,0,0,0,0,0,0,0,0,0,0,0,0,0,0,0,0,0,0,0,0,1,0,0,0,0,0,0,0,0,0,0,0,2,0,0,0,0,0,0,0,0,0,0,1,1,0,0,0,0,0,0,0,0
L03F6143,0,0,0,0,0,1,0,0,0,0,0,0,0,0,0,0,0,0,0,0,0,0,0,0,0,0,0,0,0,0,0,0,0,0,0,0,0,0,0,0,0,0,0,0,0,0,0,0,0,0,0,0,0,0,0,0,0,0
L03F6144,0,0,0,0,0,1,0,0,0,0,0,0,0,0,0,0,0,0,0,0,0,0,1,0,0,0,0,0,0,1,0,0,0,0,0,0,0,0,0,0,0,0,0,0,0,0,0,0,0,0,0,0,0,0,0,1,0,0
L03F6145,0,0,0,0,0,0,0,0,0,0,0,0,0,0,0,0,0,0,0,0,0,0,0,1,0,0,0,0,0,0,0,0,0,0,0,0,0,0,0,0,0,0,0,0,0,0,1,0,0,0,0,0,0,0,0,1,0,0
L03F6146,0,0,0,0,0,2,0,0,0,0,0,0,1,0,0,1,0,0,0,0,0,0,0,0,0,0,0,0,0,0,0,0,0,0,0,0,0,0,0,0,0,0,0,0,0,0,0,0,0,0,0,0,0,0,1,0,0,0
L03F6147,0,0,0,0,0,0,0,0,0,0,1,0,0,0,0,0,0,0,0,0,0,0,0,0,0,1,0,0,0,0,0,0,0,0,0,0,0,0,0,0,0,0,0,0,0,0,0,0,0,0,0,0,0,0,0,0,0,0
L03F6148,0,0,0,2,1,5,0,0,0,0,0,0,0,0,0,0,0,1,0,0,0,0,0,6,0,1,0,0,0,0,0,0,0,0,1,2,0,0,0,0,0,0,0,0,0,0,0,0,0,0,0,0,0,0,0,0,0,0
L03F6149,0,0,0,2,0,1,0,0,0,2,0,1,0,8,2,2,3,1,3,0,1,2,7,6,2,6,2,3,1,1,3,1,3,0,0,6,4,0,1,0,0,0,1,3,1,0,1,2,1,0,0,2,3,3,4,4,13,12
L03F6150,1,0,0,19,3,5,0,0,0,9,6,13,6,27,5,8,15,15,12,11,7,21,57,17,23,70,34,15,3,13,16,32,13,2,3,37,18,10,18,0,0,0,7,5,8,7,1,14,21,22,12,12,9,20,33,29,62,54
L03F6151,0,0,0,0,0,0,0,0,0,0,0,0,0,0,2,0,1,0,0,0,0,0,0,0,0,0,1,0,0,0,0,0,0,0,0,0,0,3,0,0,0,0,0,0,0,0,0,0,1,0,0,0,0,0,0,1,1,1
L03F6152,0,0,1,0,0,0,0,0,0,0,0,0,0,0,0,0,1,0,0,0,0,0,0,1,0,0,0,0,1,0,0,0,0,0,0,0,0,1,1,0,0,0,0,0,0,0,0,0,0,0,0,0,0,0,1,0,0,0
L03F6153,0,0,1,47,12,16,0,0,0,27,32,11,13,53,14,30,38,12,11,18,4,16,92,24,30,18,17,7,33,15,21,25,14,3,40,49,119,82,169,0,0,0,93,55,45,51,19,37,49,87,32,18,25,24,68,38,118,75
L03F6154,1,0,4,62,17,14,0,1,0,20,48,19,22,41,20,27,34,21,10,44,3,27,117,26,40,46,15,9,27,13,19,23,23,5,31,35,42,81,111,0,1,0,78,71,31,56,14,78,106,95,46,37,25,60,66,67,187,89
L03F6155,0,0,4,3666,776,892,14,19,17,1388,1797,1411,1508,4444,807,1328,2098,1372,1139,2087,318,1828,5975,2264,2814,2840,1469,643,1635,1259,1621,1800,1535,324,2186,3303,6274,3305,6136,93,6,10,3728,2384,2105,2473,1087,4065,4227,5182,2344,1658,1460,3015,3644,3488,11688,6626
L03F6156,0,0,3,543,107,123,5,0,2,313,341,335,325,956,192,234,224,306,238,473,84,364,1164,411,558,601,271,120,196,271,319,336,296,62,279,665,488,347,523,18,0,1,352,286,300,382,165,522,527,620,348,267,210,544,418,438,2022,1111
L03F6157,0,0,2,79,11,16,0,0,0,33,36,31,35,95,17,43,40,44,36,59,13,50,196,76,98,103,47,17,21,39,50,59,49,9,36,90,73,66,120,4,0,0,47,37,27,60,16,131,132,141,48,38,33,74,81,82,345,185
L03F6158,0,0,1,27,5,8,0,0,0,15,19,9,3,18,8,8,29,6,1,16,1,16,47,5,16,14,10,5,8,8,9,7,12,0,12,24,32,17,58,2,0,0,46,17,14,20,7,36,31,50,16,8,8,9,18,19,46,22
L03F6159,0,0,0,11,1,3,0,0,0,3,3,5,2,5,11,10,6,3,3,3,0,4,10,6,6,13,9,5,0,5,3,5,1,0,2,5,10,31,35,1,0,1,9,30,7,19,9,27,27,35,11,2,0,6,16,15,31,17
L03F6160,0,0,0,9,5,3,0,0,0,1,2,5,8,18,7,19,13,7,5,5,2,1,12,2,5,18,15,7,0,6,4,2,4,1,3,3,14,24,37,0,0,0,13,18,20,7,4,32,36,36,4,1,5,11,8,5,31,17
L03F6161,0,0,1,0,0,0,0,0,0,0,3,0,1,0,0,0,0,0,0,0,0,0,0,2,2,1,0,0,0,0,0,0,0,1,1,1,3,0,7,0,0,0,2,1,2,1,2,2,3,0,0,0,1,0,0,2,1,2
L03F6162,0,0,0,24,11,18,0,0,0,7,9,7,4,11,1,9,8,12,33,232,329,23,387,52,66,2,0,0,5,2,5,6,62,1,16,24,17,7,30,3,0,0,22,8,20,20,26,47,32,71,85,29,7,192,34,41,399,666
L03F6163,0,0,0,2,0,0,0,0,0,1,0,0,0,0,0,0,1,0,0,0,0,0,10,0,0,1,0,0,0,0,0,0,0,0,0,1,0,0,0,0,0,0,2,0,0,2,2,1,1,0,0,0,0,0,1,0,1,0
L03F6164,0,0,0,42,10,13,1,0,0,12,24,12,17,32,11,7,26,21,9,23,1,24,140,28,31,32,20,10,43,13,25,22,17,3,61,36,116,46,99,0,0,0,55,34,36,43,24,55,52,69,45,22,19,40,62,45,162,79
L03F6165,0,0,0,28,11,3,0,0,0,3,4,4,6,7,10,13,8,2,3,16,12,3,16,6,14,25,12,3,0,2,3,6,8,1,2,9,13,25,32,0,0,0,11,16,14,4,5,19,20,24,5,4,3,9,18,9,27,27
L03F6166,0,0,0,13,2,5,0,0,0,5,7,29,4,13,6,10,27,4,4,17,25,7,43,24,16,4,5,4,3,8,5,4,10,0,13,5,49,17,11,0,0,0,8,10,15,4,10,10,17,21,4,7,4,6,8,12,37,38
L03F6167,0,0,0,4,1,0,0,0,0,1,1,0,2,3,1,0,0,1,3,0,0,2,5,8,2,2,0,0,0,2,1,0,1,0,1,2,1,0,0,0,0,0,1,2,3,5,3,2,2,1,0,1,0,1,2,8,2,7
L03F6168,0,0,0,0,0,0,0,0,0,0,0,0,0,0,0,0,0,0,0,0,0,0,1,0,0,0,0,0,0,0,0,0,0,0,0,0,0,0,0,0,0,0,0,0,0,0,0,0,0,1,0,0,0,0,0,0,0,1
L03F6169,0,0,1,65,16,12,0,0,0,22,32,24,16,68,29,56,58,69,60,84,10,76,272,68,109,154,70,36,26,56,71,71,58,10,48,137,84,410,136,4,0,0,101,278,108,119,75,206,215,354,107,73,79,131,180,191,472,267
L03F6170,1,0,0,43,8,8,0,0,0,15,19,15,20,59,11,14,34,30,22,47,8,31,163,52,62,36,22,9,22,21,30,43,30,3,46,84,72,184,74,2,0,0,85,121,95,111,33,89,86,158,68,31,32,61,81,88,208,151
L03F6171,0,0,2,3,1,2,0,0,0,3,9,5,5,4,1,3,4,11,9,10,1,7,57,9,12,9,3,1,3,8,6,8,8,0,2,12,8,111,33,0,0,0,54,70,30,31,11,24,26,79,22,6,17,10,25,17,55,26
L03F6172,0,0,0,0,1,0,0,0,0,0,0,0,0,0,0,0,1,0,0,0,0,0,0,0,0,1,0,0,1,0,1,0,0,0,0,1,1,0,0,0,0,0,0,0,0,0,0,0,0,2,0,0,0,0,1,0,0,0
L03F6173,0,0,0,0,0,0,0,0,0,0,0,0,0,0,0,0,0,0,0,0,0,0,0,0,0,0,0,0,0,0,0,0,0,0,0,0,0,0,0,0,0,0,0,0,0,0,0,0,0,1,0,0,0,0,0,0,1,0
L03F6174,0,0,0,0,0,1,0,0,0,0,0,0,0,0,0,0,0,0,0,0,0,0,0,0,0,0,0,0,0,0,0,0,0,0,1,0,0,2,0,0,0,0,0,0,1,0,0,0,1,1,0,0,0,0,1,0,2,0
L03F6175,0,0,0,0,0,0,0,0,0,0,0,0,0,0,0,0,1,1,0,0,0,0,0,0,1,0,0,0,0,0,0,0,0,0,2,0,2,0,0,0,0,0,0,0,0,0,0,4,5,5,0,2,1,1,0,3,0,3
L03F6176,0,0,0,8,1,4,0,0,0,1,0,1,2,5,1,11,22,3,2,2,0,4,4,3,2,9,2,2,9,1,4,1,1,0,5,3,28,7,3,0,0,0,2,4,2,1,0,14,20,28,2,4,6,7,4,4,22,11
L03F6177,0,0,0,2,0,1,0,0,0,0,0,2,1,0,0,3,2,1,0,0,0,1,1,0,0,2,0,0,0,1,0,1,0,0,0,0,3,0,0,0,0,0,0,2,0,1,0,1,4,9,2,1,0,0,0,0,3,2
L03F6178,0,0,0,0,0,1,0,0,0,0,0,0,0,0,0,1,3,0,0,0,0,0,0,0,0,0,0,1,0,0,0,0,0,0,0,0,3,2,0,0,0,0,0,0,0,0,0,1,1,3,0,2,0,0,0,0,2,1
L03F6179,0,0,0,9,2,4,0,0,0,1,2,1,2,4,4,6,6,3,2,0,0,1,4,1,2,3,1,1,5,3,4,2,10,0,2,8,21,6,2,0,0,0,0,4,1,0,1,7,10,20,4,5,6,6,5,7,14,4
L03F6180,0,0,0,3,3,0,0,0,0,0,2,5,4,2,1,6,4,1,2,0,0,4,10,0,2,1,2,1,4,4,4,3,2,0,6,4,17,6,1,0,0,0,0,5,2,0,0,7,12,17,1,5,7,5,3,3,17,10
L03F6181,0,0,0,0,0,0,0,0,0,0,0,0,0,0,0,0,0,0,0,0,0,0,1,0,0,0,0,0,0,0,0,0,1,0,0,0,0,0,0,0,0,0,0,0,0,1,0,0,0,1,0,0,0,0,1,0,0,0
L03F6182,0,0,0,17,4,2,0,0,0,7,3,3,3,7,3,17,24,1,1,2,1,7,15,1,7,6,1,3,4,6,3,4,4,0,14,8,45,5,5,0,0,0,1,6,4,1,0,19,21,47,7,2,8,5,8,8,32,18
L03F6183,0,0,0,45,11,22,0,0,0,9,4,8,5,7,8,46,42,8,2,3,0,6,21,3,7,18,15,8,9,7,10,6,22,1,22,30,93,24,19,1,0,0,4,11,6,1,0,31,41,66,5,18,14,15,23,19,55,28
L03F6184,0,0,0,0,0,0,0,0,0,0,0,0,0,0,0,0,0,0,0,0,0,0,0,0,0,0,0,0,0,0,0,0,0,0,0,0,1,0,0,0,0,0,0,0,0,0,0,0,0,0,0,0,0,0,0,0,0,1
L03F6185,0,0,0,0,0,0,0,1,0,0,0,0,0,0,0,0,0,0,0,0,0,1,0,0,0,0,0,0,0,0,1,0,0,0,0,0,0,0,0,0,0,0,0,0,0,0,0,0,0,0,0,1,0,0,0,0,1,0
L03F6186,0,0,0,0,0,0,0,0,0,0,0,0,0,0,0,1,0,1,1,0,0,0,0,0,0,0,0,1,0,0,0,0,1,0,0,0,3,0,0,0,0,0,0,0,0,0,0,1,0,1,0,0,0,0,0,1,1,0
L03F6187,0,0,0,0,0,0,0,0,0,0,0,0,0,0,0,1,0,0,0,0,0,0,0,0,0,0,0,0,0,0,0,0,0,0,0,0,0,0,0,0,0,0,0,0,0,0,0,0,0,0,0,0,0,0,0,0,0,0
L03F6188,0,0,0,3,0,1,0,0,0,0,0,0,0,0,0,4,3,1,0,0,0,0,2,0,1,1,1,0,0,1,0,0,0,0,3,1,3,1,0,0,0,0,0,1,1,0,0,3,2,3,0,1,1,2,0,1,5,0
L03F6189,0,0,0,4,0,1,0,0,0,0,3,0,0,2,0,1,7,2,0,2,0,3,0,3,0,1,1,1,2,0,5,4,2,2,1,1,9,3,0,0,0,0,0,1,1,2,0,5,3,9,1,2,1,0,0,0,2,1
L03F6190,0,0,0,0,0,0,0,0,0,0,0,0,0,0,0,0,1,0,0,0,0,0,0,0,0,0,0,0,0,0,0,0,0,0,0,0,0,0,0,0,0,0,0,0,0,0,0,0,0,0,0,0,0,0,0,0,0,0
L03F6191,0,0,0,0,0,0,0,0,0,0,0,0,0,0,0,0,0,0,0,0,0,0,0,0,0,0,0,0,0,0,0,0,0,0,0,0,0,0,0,0,0,0,0,0,0,1,0,0,0,0,0,0,0,0,0,0,0,0
L03F6192,0,0,0,0,0,1,0,0,0,0,0,0,0,1,0,0,2,0,0,0,0,0,0,0,0,0,0,0,0,0,0,0,0,0,0,0,1,0,0,0,0,0,0,0,0,0,0,2,1,0,0,0,0,0,1,0,0,0
L03F6193,0,0,0,5,3,2,0,0,0,0,2,0,0,0,1,6,3,0,0,1,0,0,0,2,0,2,1,0,1,2,1,1,1,0,0,0,4,1,2,0,0,0,0,3,0,0,0,9,7,9,1,1,6,1,3,4,7,5
L03F6194,0,0,0,0,0,0,0,0,0,0,0,0,0,0,0,1,0,0,0,0,0,0,0,1,0,0,0,0,0,0,0,0,2,1,0,1,4,2,1,0,0,0,0,0,0,0,0,4,2,2,0,0,0,0,4,1,1,1
L03F6195,0,0,0,3,1,0,0,0,0,1,1,2,0,2,1,8,4,2,0,2,0,3,1,2,1,0,1,1,4,2,2,2,4,0,8,0,17,4,1,2,0,0,2,2,1,0,0,9,6,13,2,0,8,0,3,1,14,4
L03F6196,1,0,0,894,197,189,1,2,2,326,367,345,349,1094,227,335,510,267,234,377,90,375,1240,434,536,604,323,132,358,230,369,383,318,59,525,705,1484,781,1660,20,0,0,753,577,448,627,268,1023,1026,1353,408,365,408,664,729,742,2663,1463
L03F6197,0,0,0,229,38,36,3,2,1,103,86,130,87,226,42,93,77,78,44,107,17,116,368,114,120,187,108,40,76,80,106,129,111,19,118,229,286,113,243,2,0,0,138,113,80,116,41,153,143,166,79,45,41,109,116,98,432,273
L03F6198,0,0,0,22,6,4,0,0,0,3,2,4,1,2,1,11,13,2,0,1,1,2,11,2,3,7,6,6,5,2,3,5,2,1,8,7,36,6,6,0,0,0,8,5,3,0,0,11,18,21,3,6,11,5,9,6,21,13
L03F6199,0,0,0,3,2,0,0,0,0,0,0,0,1,1,1,0,2,0,0,0,0,1,0,0,0,0,1,1,0,0,0,1,1,0,2,0,5,2,1,0,0,0,0,2,0,0,0,1,5,6,0,0,0,2,1,1,2,5
L03F6200,0,0,0,5,1,0,0,0,0,1,0,1,1,0,0,5,3,0,0,0,0,2,6,5,0,2,3,0,1,0,1,2,3,1,3,2,14,3,0,0,0,0,0,1,0,0,0,3,10,20,2,0,4,3,5,3,18,7
L03F6201,0,0,0,1,0,0,0,0,0,0,0,2,0,0,0,0,0,0,0,1,0,0,0,0,0,0,0,0,1,0,0,0,0,0,0,0,0,0,0,0,0,0,0,0,0,0,0,0,0,1,0,0,0,1,0,0,0,0
L03F6202,0,0,0,1,1,0,0,0,0,0,0,0,0,1,1,2,0,0,0,0,0,0,0,0,0,0,0,0,0,0,0,1,0,0,1,0,1,0,1,0,0,0,0,0,0,0,0,0,0,0,0,0,0,1,0,1,1,1
L03F6203,0,0,0,0,0,0,0,0,0,0,0,0,0,0,0,0,0,0,0,0,0,0,0,0,0,0,0,0,0,0,0,0,0,0,0,0,1,0,0,0,0,0,0,1,0,0,0,0,0,0,0,0,0,0,0,0,2,0
L03F6204,0,0,0,0,0,0,0,0,0,0,0,0,0,0,0,0,0,0,0,0,0,0,0,0,0,0,0,0,0,0,0,0,0,0,0,0,0,0,0,0,0,0,0,0,0,0,0,2,3,1,0,0,0,0,0,0,0,0
L03F6205,0,0,0,7,4,1,0,0,0,0,2,1,1,7,0,9,0,1,1,0,0,0,3,5,2,2,0,0,3,1,0,0,1,1,5,3,5,2,1,0,0,1,4,7,8,2,5,3,4,5,1,0,2,2,4,8,11,6
L03F6206,0,0,2,16,1,1,0,0,0,7,5,5,3,16,4,5,6,8,5,9,3,9,26,8,9,25,7,9,2,6,3,13,7,2,3,13,12,3,7,0,0,0,3,7,1,4,1,15,18,9,6,3,4,7,13,11,39,19
L03F6207,0,0,3,611,122,152,5,4,2,315,443,381,324,1162,152,283,360,265,220,358,74,380,1345,516,510,732,379,177,278,309,348,418,402,57,381,821,798,413,726,29,2,2,473,331,275,360,192,695,750,845,396,348,258,616,719,667,2452,1417
L03F6208,0,0,0,77,12,18,0,0,0,36,43,47,41,163,32,43,46,35,18,55,8,48,134,58,59,109,54,20,34,44,53,43,34,9,54,119,95,43,63,2,0,0,35,31,35,32,25,79,106,101,43,45,29,66,102,112,244,171
L03F6209,0,0,0,0,0,1,0,0,0,0,0,0,0,1,0,3,0,2,1,1,0,1,2,3,1,4,0,0,0,1,0,3,1,0,2,1,0,0,0,0,0,0,1,0,2,1,0,7,7,3,1,0,0,3,5,10,7,3
L03F6210,0,0,0,1,1,2,0,0,0,0,0,32,2,2,0,1,1,0,1,0,0,1,0,3,1,0,0,0,0,0,9,5,3,0,3,5,0,2,1,0,0,0,0,5,6,2,5,4,2,9,8,1,7,30,6,5,22,9
L03F6211,0,0,0,56,17,20,0,3,0,12,74,9,7,60,26,43,42,7,14,59,57,26,109,43,33,15,5,4,12,9,10,18,30,5,31,44,63,22,61,5,0,0,20,32,51,45,31,23,20,26,17,10,11,114,21,43,115,399
L03F6212,0,0,0,56,23,9,0,0,0,2,1,1,2,8,4,2,3,0,0,1,0,0,0,0,1,2,2,3,1,1,2,2,1,0,1,1,38,3,24,0,0,0,14,4,3,16,4,0,2,7,0,1,1,0,0,2,1,2
L03F6213,0,0,0,210,46,38,0,0,2,28,15,62,30,96,16,54,62,9,4,7,1,21,33,7,5,88,45,17,12,14,24,26,16,5,11,29,275,37,172,2,0,0,65,58,33,51,32,20,39,53,20,11,16,64,33,43,61,43
L03F6214,0,0,0,19,3,4,0,0,0,0,1,0,4,6,1,1,3,0,0,0,0,1,0,0,1,5,1,1,1,1,1,1,1,0,0,1,20,3,12,0,0,0,2,3,0,7,5,0,0,5,0,0,0,0,0,1,1,0
L03F6215,0,0,4,7,0,0,0,0,0,4,2,4,5,16,2,1,3,2,0,5,2,1,7,5,7,4,3,3,0,5,3,4,2,1,1,3,7,3,5,0,0,0,20,4,1,17,6,4,6,12,4,3,1,1,6,1,15,10
L03F6216,0,0,0,0,0,0,0,0,0,0,12,0,0,0,0,3,0,0,0,0,0,0,0,1,0,0,0,0,0,0,0,0,0,0,2,1,0,0,4,0,0,0,0,1,2,0,0,0,0,0,0,0,0,0,0,0,2,1
L03F6217,0,0,0,0,0,0,0,0,0,0,0,0,0,0,0,0,0,0,0,0,1,0,0,0,0,0,0,0,1,0,0,0,0,0,0,1,0,0,0,0,0,0,0,0,0,0,0,0,0,0,0,0,0,0,0,0,0,0
L03F6218,0,0,0,0,0,0,0,0,0,0,0,0,0,0,0,0,0,0,0,0,0,0,0,1,0,0,0,0,0,0,0,0,0,0,0,0,0,0,0,0,0,0,0,0,0,0,0,0,0,0,0,0,0,0,0,0,0,0
L03F6219,0,0,0,2,0,0,0,0,0,0,0,0,0,1,0,1,0,0,0,0,0,1,0,0,0,0,0,0,0,1,0,1,0,0,1,0,0,2,0,0,0,0,0,1,0,2,0,0,0,0,0,0,2,0,1,0,1,1
L03F6220,0,0,0,0,0,0,0,0,0,0,0,0,0,0,0,0,0,0,0,0,0,0,0,1,0,0,0,0,0,0,0,0,0,0,0,0,0,0,0,0,0,0,0,0,0,0,0,0,0,0,0,0,0,0,0,0,0,0
L03F6221,0,0,0,0,0,0,0,0,0,0,0,0,0,0,0,0,0,0,0,0,0,1,0,0,0,0,0,0,0,0,0,0,0,0,0,1,0,1,0,0,0,0,0,0,0,0,0,0,0,0,0,0,0,0,0,0,0,0
L03F6222,0,0,0,2,2,0,0,0,0,2,1,0,0,8,0,0,0,1,1,0,0,0,6,1,1,11,5,1,1,4,1,3,1,1,2,5,0,1,2,0,0,0,3,1,0,8,2,3,3,1,0,0,0,1,1,1,3,3
L03F6223,0,0,0,0,0,1,0,0,0,2,0,0,0,0,0,0,0,0,0,0,0,0,0,1,0,0,0,0,0,0,0,0,0,0,0,0,0,0,0,0,0,0,0,0,0,0,0,0,0,0,0,0,0,0,0,0,0,0
L03F6224,0,0,0,7,3,4,0,1,0,7,10,8,3,12,1,2,5,8,8,29,3,11,47,11,17,32,10,1,10,11,6,14,8,2,5,28,5,6,10,0,0,0,7,1,6,9,1,28,32,30,16,9,9,26,24,15,48,41
L03F6225,0,0,0,5,1,2,0,0,0,3,3,2,3,5,2,1,2,3,6,9,0,7,14,4,15,13,4,4,3,2,9,5,2,0,5,8,2,8,8,0,0,0,14,0,3,11,3,10,11,20,3,4,7,3,11,7,24,14
L03F6226,0,0,0,2,0,1,0,0,0,1,2,3,3,6,2,0,3,2,0,0,1,0,5,2,1,12,2,0,0,0,0,2,2,0,1,0,1,9,9,0,0,0,1,5,3,4,0,4,5,13,2,3,0,1,4,4,17,4
L03F6227,0,0,0,1,0,0,0,0,0,0,1,0,0,2,0,0,0,0,0,0,1,1,0,0,0,0,0,0,0,1,0,0,1,0,0,0,0,2,1,0,0,0,0,0,0,0,1,0,0,1,0,0,1,0,1,2,0,1
L03F6228,0,0,0,2,0,1,0,0,0,0,0,0,0,0,0,0,0,0,0,0,0,0,1,1,0,0,0,0,0,0,0,0,0,0,0,0,4,2,8,0,0,0,3,8,2,0,3,0,0,1,1,0,0,0,0,0,0,0
L03F6229,0,0,0,0,0,0,0,0,0,1,2,0,1,0,0,0,0,0,0,1,1,0,0,1,0,3,0,0,0,0,0,0,0,0,0,0,0,1,1,0,0,0,0,1,0,1,0,0,0,0,1,0,0,0,0,0,1,0
L03F6230,0,0,0,0,0,0,0,0,0,0,0,0,0,0,0,0,0,0,0,0,0,0,0,0,0,0,0,0,0,0,0,0,0,0,0,1,0,0,0,0,0,0,0,0,0,0,0,0,0,0,0,0,0,0,0,0,0,0
L03F6231,0,0,0,0,0,0,0,0,0,0,0,0,0,0,0,0,0,0,0,0,1,0,0,0,0,0,0,0,0,0,0,0,0,0,0,0,0,0,0,0,0,0,0,0,0,0,0,0,0,0,0,0,0,0,0,0,0,0
L03F6232,0,0,0,0,0,0,0,0,0,0,0,0,0,0,0,0,0,0,0,0,0,0,1,0,0,0,0,0,0,0,0,0,0,0,0,0,0,0,0,0,0,0,0,0,0,0,0,0,0,0,0,0,0,0,2,0,1,0
L03F6233,0,0,0,16,6,7,0,1,0,10,7,5,10,19,10,9,11,13,4,9,3,12,53,7,11,19,12,10,17,11,5,6,7,1,29,11,57,33,86,2,0,0,54,24,29,25,10,30,27,24,18,12,5,7,15,10,43,26
L03F6234,0,0,0,10,1,3,0,0,0,0,1,3,3,5,3,3,3,1,1,3,0,1,13,3,6,12,6,5,8,0,3,3,2,0,10,1,21,11,37,0,0,0,18,7,8,2,2,8,7,9,9,2,3,4,3,1,7,6
L03F6235,0,0,0,4,0,0,0,0,0,0,1,0,1,3,0,1,1,1,0,4,0,1,6,1,3,1,2,0,4,2,2,3,1,0,5,0,8,2,18,0,0,0,13,1,1,4,0,3,3,5,2,2,0,1,3,1,6,2
L03F6236,0,0,1,85,29,37,0,0,0,19,38,11,19,60,49,29,29,16,4,14,4,30,131,17,30,104,44,32,47,16,30,28,21,1,71,34,238,63,419,6,1,0,194,69,45,62,24,79,78,101,50,18,16,40,45,27,197,73
L03F6237,0,0,1,23,8,8,0,0,0,0,9,2,5,11,9,11,7,2,0,5,1,4,27,3,4,25,8,6,7,4,6,5,4,3,14,10,69,13,78,0,0,0,44,14,2,9,2,21,16,25,9,7,3,7,4,5,46,20
L03F6238,0,0,0,29,9,11,0,0,0,6,9,7,4,9,14,11,11,4,3,6,1,7,44,5,6,24,8,17,15,2,0,3,7,0,16,8,72,15,95,1,0,0,49,11,12,12,2,20,26,41,8,6,3,9,11,6,54,22
L03F6239,0,0,0,0,0,0,0,0,0,0,0,0,0,0,0,0,0,0,0,0,0,0,1,0,0,0,0,0,1,0,0,0,0,0,0,0,0,0,3,0,0,0,0,0,0,0,0,0,0,0,0,0,0,0,0,0,0,0
L03F6240,0,0,0,27,15,12,0,0,0,6,10,7,6,15,17,13,12,9,2,6,1,3,56,5,8,46,23,10,14,4,7,8,6,0,26,8,94,18,103,5,0,0,49,20,20,18,8,29,18,29,22,6,7,10,7,8,76,31
L03F6241,0,0,1,3,1,0,0,0,0,0,0,0,0,6,0,2,0,0,0,2,0,1,13,1,1,2,2,1,3,1,4,1,0,0,5,0,9,1,21,0,0,0,14,1,2,1,2,1,3,4,4,0,1,0,0,1,6,4
L03F6242,0,0,0,10,6,3,0,0,0,4,11,9,3,17,4,0,8,2,2,2,1,3,28,2,12,23,8,10,8,2,0,6,8,0,24,12,64,5,108,2,0,0,36,7,7,15,5,17,14,17,8,9,1,11,11,10,44,18
L03F6243,0,0,0,2,0,0,0,0,0,1,0,0,0,0,0,0,2,0,1,0,0,0,2,0,1,1,1,0,1,0,0,1,1,0,3,1,2,0,0,0,0,0,0,0,0,0,1,0,6,0,3,2,0,2,0,0,16,9
L03F6244,0,0,0,0,0,0,0,0,0,0,0,0,0,0,0,0,0,0,0,0,0,0,1,0,0,0,0,0,0,0,1,1,0,0,0,0,0,0,1,0,0,0,0,1,0,1,0,0,0,0,0,0,0,1,0,0,2,0
L03F6245,0,0,0,8,2,2,0,0,0,0,3,1,0,7,0,0,3,0,0,0,0,0,5,0,1,0,1,0,4,2,0,0,0,1,2,3,27,1,73,0,0,0,14,1,8,4,5,2,2,0,1,0,0,0,1,2,4,2
L03F6246,0,0,0,1,0,0,0,0,0,1,7,1,1,6,0,0,5,0,0,0,1,1,4,1,4,0,0,0,9,1,0,2,0,0,13,2,10,1,45,2,0,0,14,4,1,1,1,2,0,0,0,0,0,0,1,0,3,2
L03F6247,0,0,0,11,2,0,0,0,0,1,5,3,2,3,0,0,2,2,0,1,0,0,14,0,1,6,4,2,1,1,1,0,0,1,7,5,8,1,16,0,0,0,3,4,4,1,2,3,1,1,1,1,0,1,0,0,6,1
L03F6248,0,0,0,21,4,5,0,0,0,13,32,16,10,25,2,3,6,1,1,5,1,9,21,5,11,13,7,0,9,8,4,3,6,0,25,10,29,11,55,3,0,0,19,11,12,4,5,7,10,5,3,1,1,6,10,6,14,15
L03F6249,0,0,0,2,0,1,0,0,0,0,5,1,0,5,0,3,0,0,0,0,0,0,3,1,6,0,1,0,6,0,0,0,0,0,4,1,4,2,9,0,0,0,2,2,0,1,1,2,3,0,0,0,1,0,0,1,3,2
L03F6250,0,0,0,3,0,0,0,0,0,0,4,1,1,4,0,0,0,1,0,2,0,0,6,0,2,3,1,1,2,0,0,1,2,0,2,0,4,1,8,0,0,0,4,2,1,3,2,0,0,0,0,0,0,1,1,0,0,0
L03F6251,0,0,0,13,6,0,0,0,0,4,16,5,6,13,1,7,11,2,0,1,2,1,10,3,4,11,2,2,3,0,2,0,4,1,8,5,12,4,31,0,0,0,12,5,3,2,0,1,2,4,1,0,0,1,0,3,5,5
L03F6252,0,0,0,2,0,0,0,0,0,1,2,2,1,2,1,0,1,1,0,0,0,0,4,0,0,4,0,0,0,0,0,0,0,0,0,1,2,0,1,0,0,0,0,0,1,0,0,0,1,0,0,0,0,0,1,0,0,0
L03F6253,0,0,0,2,0,0,0,0,0,0,1,0,0,2,1,0,0,0,0,0,0,0,2,0,0,3,0,0,0,0,0,0,0,0,0,1,0,0,1,0,0,0,0,1,0,0,0,0,0,1,0,0,0,0,0,0,0,1
L03F6254,0,0,0,14,4,2,0,0,0,6,14,3,3,17,3,5,2,1,3,2,0,2,17,5,5,8,3,1,2,1,2,2,1,1,6,6,9,2,35,0,0,0,8,3,1,1,1,5,6,1,1,0,3,5,1,4,5,3
L03F6255,0,0,0,1,0,0,0,0,0,1,0,1,0,1,0,1,1,0,0,1,0,0,2,0,2,1,0,0,2,0,0,1,0,0,0,1,2,1,4,0,0,0,3,1,0,1,0,1,1,0,0,0,0,0,0,0,0,0
L03F6256,0,0,0,12,4,4,0,0,0,11,18,7,7,20,3,7,5,5,5,2,2,3,16,10,10,14,1,2,8,1,2,1,3,0,22,10,15,6,45,0,0,0,20,4,6,14,3,6,9,4,0,2,0,3,6,3,9,7
L03F6257,0,0,0,4,0,3,1,0,0,6,10,8,2,14,0,7,4,0,0,2,2,1,12,0,5,9,1,1,4,3,0,0,1,1,12,2,16,2,28,0,0,0,13,4,4,5,1,2,2,0,1,1,1,3,2,2,4,1
L03F6258,0,0,0,2,2,0,0,0,0,4,5,3,1,4,1,1,2,1,0,1,0,0,5,1,0,4,0,0,4,0,2,0,0,0,1,2,9,3,32,0,0,0,4,1,0,3,0,1,0,2,2,0,0,0,2,1,3,1
L03F6259,0,0,0,0,0,0,0,0,0,0,0,0,0,0,0,0,0,0,0,0,0,0,0,0,0,0,0,0,0,0,0,0,0,0,1,1,2,0,4,0,0,0,0,0,0,0,0,0,0,0,0,0,0,1,0,0,1,0
L03F6260,0,0,0,0,0,0,0,0,0,0,0,0,0,0,0,0,0,0,0,0,0,0,1,0,0,1,1,0,2,0,0,0,0,0,2,0,1,0,8,0,0,0,1,1,0,0,0,0,0,0,0,0,0,0,0,0,1,0
L03F6261,0,0,0,3,0,0,0,0,0,2,3,0,2,2,0,0,1,2,0,4,0,2,1,1,4,0,0,0,3,1,0,0,0,0,4,1,3,0,7,0,0,0,0,2,0,0,0,3,3,0,0,0,1,2,0,1,3,1
L03F6262,0,0,0,0,0,0,0,0,0,0,0,0,0,0,0,0,1,0,0,0,0,0,2,1,0,1,0,0,1,0,0,1,0,0,1,0,12,2,30,0,0,0,4,1,3,0,1,1,4,0,1,1,1,0,0,0,10,2
L03F6263,0,0,0,0,0,0,0,0,0,0,0,0,0,0,0,0,0,0,0,0,0,0,0,0,0,0,0,0,0,0,0,0,0,0,0,1,4,1,1,0,0,0,0,0,1,0,1,0,0,0,0,0,0,0,0,0,2,0
L03F6264,0,0,0,0,0,0,0,0,0,0,0,0,0,0,0,0,0,0,0,0,0,0,1,0,0,0,0,0,0,0,0,0,0,0,0,0,0,1,0,0,0,0,0,0,0,0,0,0,0,0,0,0,0,0,0,0,0,0
L03F6265,0,0,0,0,0,0,0,0,0,0,0,0,0,0,0,0,0,0,0,0,0,0,0,0,0,0,0,0,0,0,0,0,0,0,0,0,1,0,0,0,0,0,0,0,0,0,1,0,0,0,0,0,0,0,0,0,0,0
L03F6266,0,0,0,0,0,0,0,0,0,0,0,0,0,0,0,0,0,0,0,0,0,0,1,0,0,0,0,0,0,0,0,0,0,0,0,0,0,1,0,0,0,0,0,0,0,0,0,1,0,0,0,0,0,0,0,0,0,0
L03F6267,0,0,0,0,0,0,0,0,0,0,0,0,0,1,0,0,0,0,0,0,0,0,9,0,2,1,0,0,2,0,0,0,0,0,0,0,2,1,0,0,0,0,0,0,0,0,0,0,0,0,0,0,0,0,0,0,0,0
L03F6268,0,0,0,1,0,0,0,0,0,2,0,1,1,4,0,0,1,0,1,0,0,0,22,0,0,0,0,0,6,0,0,0,0,0,3,0,2,1,6,0,0,0,2,0,0,1,0,1,4,1,0,0,1,2,2,0,2,1
L03F6269,0,0,0,6,3,4,0,0,0,1,6,2,2,8,0,1,2,1,4,1,0,0,4,0,4,1,0,1,8,1,1,0,0,0,5,3,38,1,68,0,0,0,5,6,6,4,3,2,0,2,0,0,1,1,0,1,4,4
L03F6270,0,0,0,3,3,4,0,0,0,3,3,1,0,1,0,0,0,0,0,0,0,0,1,0,0,0,0,1,5,0,0,0,0,0,3,0,12,0,32,0,0,0,6,0,5,2,0,0,0,0,1,1,0,0,0,0,2,1
L03F6271,0,0,0,2,3,0,0,0,0,1,5,2,1,5,0,0,1,0,1,1,0,1,8,1,1,1,0,0,1,0,0,0,0,0,6,1,30,1,60,0,0,0,13,2,5,5,4,1,2,0,0,0,1,1,0,1,2,1
L03F6272,0,0,0,1,0,0,0,0,0,0,3,2,1,3,1,0,0,0,1,0,0,0,2,0,0,0,0,0,2,1,0,0,2,0,1,0,13,1,20,0,0,0,5,0,2,1,0,1,1,1,0,1,0,1,1,1,2,3
L03F6273,0,0,0,1,0,0,0,0,0,0,1,0,2,1,0,0,0,0,0,0,0,1,3,2,1,0,0,0,1,0,1,0,0,0,0,0,22,0,25,0,0,0,7,1,2,0,0,0,0,0,0,0,0,1,1,0,0,1
L03F6274,0,0,0,0,0,0,0,0,0,0,0,0,0,0,0,0,0,0,0,0,0,0,1,0,0,1,0,0,0,0,0,0,0,0,0,0,1,0,0,0,0,0,0,0,0,0,0,0,0,2,0,0,0,0,0,0,0,0
L03F6275,0,0,0,13,0,9,0,0,0,6,12,7,1,10,6,9,3,3,3,7,0,7,11,5,9,20,13,5,2,4,4,11,2,0,12,11,14,2,18,0,0,0,6,0,8,12,6,12,13,7,8,0,3,2,4,7,29,14
L03F6276,0,0,0,0,0,1,0,0,0,2,0,0,1,3,0,1,2,0,2,2,0,0,0,0,5,3,2,0,2,0,0,1,0,0,0,1,2,1,1,0,0,0,1,0,0,1,0,0,0,1,1,0,1,2,0,0,6,3
L03F6277,0,0,0,920,179,222,3,4,6,340,468,490,438,1309,200,320,325,248,221,460,74,378,1007,442,500,868,427,167,235,274,333,401,294,57,367,728,583,500,685,26,0,1,675,442,374,632,257,628,648,849,374,298,194,553,568,573,2045,1218
L03F6278,0,0,0,55,12,14,0,0,0,10,18,21,32,59,23,57,48,11,13,20,0,13,54,19,27,65,48,19,2,12,12,16,12,2,5,23,49,145,149,3,0,0,60,159,122,86,59,78,88,83,30,20,7,41,45,34,166,85
L03F6279,0,0,0,0,0,1,0,0,0,0,0,0,0,0,0,0,0,0,0,0,0,0,0,0,0,0,0,0,0,0,0,0,0,0,0,0,0,0,0,0,0,0,0,0,0,0,0,0,0,0,0,0,0,0,0,1,0,0
L03F6280,0,0,0,0,0,0,0,0,0,0,0,0,0,0,0,0,0,0,0,0,0,0,0,0,0,0,0,0,0,0,0,0,0,0,0,0,0,1,0,0,0,0,0,0,0,0,0,0,0,0,0,0,0,0,0,0,1,0
L03F6281,0,0,0,0,1,0,0,0,0,0,0,0,0,0,0,0,0,0,0,0,0,0,1,1,0,0,0,0,0,0,0,0,0,0,0,0,0,0,0,0,0,0,0,0,0,0,0,0,0,0,0,0,0,0,0,0,0,0
L03F6282,0,0,1,0,0,3,0,0,0,0,0,0,0,0,0,0,1,1,0,0,0,1,0,2,0,1,0,0,0,1,0,0,0,0,0,0,0,2,0,0,0,0,0,1,0,0,0,0,0,0,0,0,0,0,0,1,0,0
L03F6283,0,0,0,0,0,0,0,0,0,0,0,0,0,0,0,0,0,0,0,0,0,0,0,0,0,0,0,0,0,0,0,0,0,0,0,0,0,1,0,0,0,0,0,0,0,0,0,0,0,0,0,0,0,0,0,0,0,0
L03F6284,0,0,2,0,0,0,0,0,0,0,0,0,0,0,0,0,0,0,0,0,0,0,0,0,0,0,0,0,0,0,0,0,0,0,0,0,0,1,0,0,0,0,0,0,0,0,0,0,0,0,0,0,0,0,0,0,0,0
L03F6285,0,0,0,0,0,0,0,0,0,0,0,0,1,0,0,0,0,0,0,0,0,0,0,0,0,0,0,0,0,0,0,0,0,0,0,0,0,1,0,0,0,0,0,0,1,0,0,1,1,0,0,0,0,0,1,0,0,0
L03F6286,0,0,0,23,1,5,1,0,0,10,39,3,3,19,14,47,11,4,3,2,2,5,11,23,16,1,4,1,5,6,4,6,5,0,15,20,9,9,30,1,0,0,5,20,27,41,24,14,7,4,5,1,5,13,8,11,34,49
L03F6287,0,0,0,0,0,0,0,0,0,0,0,0,0,0,0,0,0,0,0,0,0,0,0,1,0,0,0,0,0,0,0,0,0,0,0,0,0,0,0,0,0,0,0,0,0,1,0,0,0,0,0,0,0,0,0,0,0,0
L03F6288,0,0,0,2,2,0,0,0,0,1,15,0,0,2,4,16,2,0,2,1,0,2,4,3,1,0,1,0,0,0,0,0,1,0,2,1,5,2,6,0,0,1,1,2,11,16,19,1,1,1,0,0,0,0,2,1,4,5
L03F6289,0,1,0,3,2,3,0,0,0,4,38,3,0,11,0,8,8,2,1,2,0,5,4,17,3,1,0,1,2,1,4,5,3,0,6,9,5,6,17,2,0,0,4,6,20,16,12,5,2,2,1,0,2,3,6,13,16,26
L03F6290,0,0,0,3,0,3,0,0,0,1,34,2,1,2,0,3,3,2,1,0,0,3,6,5,2,1,0,0,4,0,2,0,1,0,3,5,5,3,4,1,0,0,2,8,0,24,3,0,2,0,0,0,0,0,0,5,5,10
L03F6291,0,0,0,0,0,0,0,0,0,0,0,0,0,0,0,0,0,0,0,0,0,0,2,0,0,0,0,0,0,0,0,0,0,0,0,0,0,0,0,0,0,0,0,0,0,0,0,0,0,0,0,0,0,0,0,0,0,0
L03F6292,0,0,0,10,2,0,0,1,1,3,33,7,3,16,3,19,4,2,1,1,1,6,20,18,9,1,0,0,3,2,1,4,5,0,14,6,9,6,34,0,0,1,6,8,14,16,19,5,4,1,0,0,0,0,5,13,23,22
L03F6293,0,0,0,8,1,4,3,0,0,1,13,3,0,11,2,4,0,1,1,2,0,0,8,20,3,1,1,0,2,0,1,1,1,0,6,3,0,0,14,1,0,0,3,3,11,10,10,1,3,0,4,0,1,2,1,7,10,8
L03F6294,0,0,0,3,5,4,2,0,0,0,18,1,0,3,0,4,5,0,1,3,1,4,5,16,4,2,1,0,2,1,2,0,0,2,2,7,7,1,8,0,0,0,1,3,5,17,8,2,0,0,1,0,3,2,2,6,39,5
L03F6295,0,0,0,8,1,1,0,0,0,1,55,3,1,5,7,23,0,2,0,1,2,1,13,10,6,0,1,0,5,2,2,4,3,0,7,7,8,10,11,0,0,1,7,14,13,24,20,2,1,0,0,2,0,3,6,2,13,11
L03F6296,0,0,0,2,0,0,0,0,0,0,17,0,0,0,0,2,1,0,1,0,2,0,1,2,0,0,0,0,1,0,0,0,0,0,6,1,0,0,3,0,0,0,0,0,0,5,2,0,0,0,1,0,0,0,1,1,5,2
L03F6297,0,0,0,3,1,1,0,1,0,0,4,1,1,7,12,23,3,1,0,1,1,3,0,6,1,1,0,0,1,0,2,0,0,1,1,4,2,1,2,1,0,0,3,2,6,21,10,2,2,0,0,0,0,1,1,2,8,3
L03F6298,0,0,0,0,0,0,0,0,0,0,0,0,0,0,0,0,0,0,0,0,0,0,0,0,0,0,0,0,1,0,0,0,0,0,0,0,0,1,0,0,0,0,0,1,0,0,0,0,0,0,0,0,0,0,0,0,0,0
L03F6299,0,0,0,8,0,6,0,0,1,9,8,6,5,17,1,3,3,3,1,4,1,5,16,5,6,2,5,2,4,3,5,4,7,1,9,11,12,12,23,0,0,0,19,6,13,13,4,5,10,14,8,6,5,8,21,14,29,24
L03F6300,0,0,0,0,0,0,0,0,0,0,0,0,0,0,0,0,0,0,0,0,0,0,0,0,0,0,0,1,0,0,0,0,0,0,0,0,0,0,0,0,0,0,0,1,0,0,1,0,0,0,0,0,0,0,0,0,0,0
L03F6301,0,0,0,0,0,0,0,0,0,0,0,0,0,0,1,2,0,0,0,0,0,0,1,0,0,0,0,0,0,0,0,1,0,0,0,0,0,0,2,0,0,0,0,0,1,0,0,0,0,1,0,0,0,0,1,0,1,0
L03F6302,0,0,0,0,0,0,0,0,0,0,0,0,0,0,0,0,0,0,0,4,13,0,4,0,0,0,0,0,0,0,1,0,1,0,0,0,0,0,0,0,0,0,0,0,0,0,0,0,0,1,0,0,0,0,0,0,4,0
L03F6303,0,0,0,17,2,6,1,0,0,11,10,9,15,24,5,10,13,6,5,4,1,3,20,12,5,3,2,0,9,7,11,13,7,0,25,17,27,16,32,0,0,1,24,12,24,15,10,7,7,13,2,2,5,6,22,19,34,39
L03F6304,0,0,0,3,0,0,0,0,0,0,3,0,1,1,0,0,0,1,1,2,0,1,3,1,1,0,0,0,1,0,1,0,0,0,1,1,5,0,1,0,0,0,2,1,7,0,0,1,2,2,0,0,0,0,0,0,0,1
L03F6305,0,0,0,17,3,3,0,0,0,5,14,9,12,24,0,7,4,1,2,3,4,5,11,7,7,0,0,1,7,2,11,9,6,2,16,15,13,4,18,0,0,0,20,6,10,12,9,4,5,3,1,1,2,3,10,5,16,13
L03F6306,0,0,0,2,0,0,0,0,0,0,0,2,0,8,0,2,0,0,0,0,0,2,3,2,1,0,0,0,0,2,3,1,2,1,4,3,4,0,1,0,0,0,2,1,2,2,0,0,2,0,0,0,0,1,1,1,3,3
L03F6307,0,0,0,3,0,0,0,0,0,1,5,2,1,7,0,2,1,0,1,3,1,3,2,0,5,1,0,0,2,2,1,0,2,0,7,10,7,2,4,0,0,0,2,2,3,6,1,0,1,0,0,0,0,2,4,1,6,8
L03F6308,0,0,0,0,0,0,0,0,0,0,0,0,0,0,0,0,0,0,0,0,0,0,0,0,0,0,0,0,2,0,0,0,0,0,0,0,0,0,0,0,0,0,0,0,1,1,0,0,0,0,0,0,0,0,0,0,0,0
L03F6309,0,0,0,0,0,0,0,0,0,0,0,0,1,0,0,0,0,0,0,0,0,0,0,0,0,0,0,0,0,0,0,0,0,0,0,1,1,0,1,0,0,0,0,0,0,0,0,1,1,0,0,0,0,0,0,0,0,0
L03F6310,0,0,0,0,0,0,0,0,0,0,0,0,0,0,0,0,0,0,0,0,0,0,0,0,0,0,0,0,0,0,0,0,0,0,0,0,0,0,1,0,0,0,0,0,0,0,0,0,0,0,0,0,0,0,0,0,0,0
L03F6311,0,0,0,2,0,0,0,0,0,2,1,1,0,1,0,1,0,0,1,1,0,0,0,0,1,0,1,0,7,0,0,0,1,0,2,1,4,0,22,0,0,0,2,0,1,3,2,0,1,0,1,0,0,0,1,0,0,1
L03F6312,0,0,0,0,0,0,0,0,0,0,0,0,0,0,0,0,0,0,0,0,0,0,0,0,0,0,0,0,0,0,0,0,0,0,2,0,0,0,0,0,0,0,0,0,0,0,0,0,0,0,0,0,0,0,0,0,0,0
L03F6313,0,0,0,0,0,0,0,0,0,0,0,0,0,0,0,0,0,0,0,0,0,0,0,0,0,0,0,0,1,0,0,0,0,0,4,0,1,0,4,0,0,0,1,1,0,0,0,0,1,1,0,0,0,0,0,0,0,0
L03F6314,0,0,0,0,1,0,0,0,0,3,2,2,1,7,0,3,4,2,0,1,0,0,1,1,3,0,0,0,3,1,0,1,0,0,10,3,11,2,35,0,0,0,9,5,3,1,1,3,2,0,1,0,0,1,6,2,1,0
L03F6315,0,0,0,0,0,0,0,0,0,0,0,0,0,0,0,0,0,0,0,0,0,0,0,0,0,0,0,0,0,0,0,0,0,0,1,0,0,0,0,0,0,0,0,0,0,0,0,0,0,0,0,0,0,0,0,0,0,0
L03F6316,0,0,0,0,0,0,0,0,0,0,0,0,0,0,0,0,0,0,0,0,0,0,0,0,0,0,0,0,0,1,0,0,0,0,0,0,0,0,0,0,0,0,0,0,0,0,0,0,0,0,0,0,0,0,0,0,0,0
L03F6317,0,0,0,1,0,1,0,0,0,1,3,0,1,0,0,0,1,0,0,1,0,1,0,0,0,1,0,0,1,0,1,0,0,0,5,0,1,0,5,0,0,0,4,2,2,0,0,0,0,0,1,0,0,0,0,0,2,2
L03F6318,0,0,0,0,0,0,0,0,0,0,0,0,0,0,0,0,0,0,0,0,0,0,0,0,0,0,0,0,0,0,0,0,0,1,1,0,1,0,1,0,0,0,1,0,1,1,0,1,0,0,0,0,0,0,0,0,0,0
L03F6319,0,0,0,21,11,4,0,0,0,2,11,1,4,5,2,7,6,0,1,2,3,2,13,4,13,10,3,1,9,6,4,3,3,1,11,7,53,12,32,0,0,0,31,8,8,15,6,15,14,14,7,6,5,5,10,11,37,26
L03F6320,0,0,0,0,0,0,0,0,0,0,0,0,0,0,0,0,0,0,0,0,0,0,0,0,0,0,0,0,0,0,0,0,0,0,0,0,0,0,0,0,0,0,2,0,0,0,0,0,0,0,0,0,0,0,0,0,0,0
L03F6321,0,0,0,0,0,0,0,0,0,1,1,0,1,2,0,1,0,0,1,0,0,3,0,2,2,3,1,0,0,1,1,0,1,0,0,1,1,1,3,0,0,0,0,2,0,0,0,2,3,2,1,1,0,2,1,2,2,2
L03F6322,0,0,0,0,0,0,0,0,0,0,1,2,0,0,0,0,0,0,0,2,0,0,1,1,0,2,2,0,0,0,0,0,0,0,0,1,0,0,0,0,0,0,0,0,0,0,0,1,1,1,0,0,0,0,0,0,1,2
L03F6323,0,0,0,1,0,0,0,0,0,0,0,0,0,0,2,4,1,0,0,0,0,0,0,0,0,0,0,0,0,0,0,0,0,0,2,0,0,0,0,0,0,0,0,0,0,0,0,0,0,0,0,0,0,0,1,0,0,0
L03F6324,0,0,0,1,0,0,0,0,0,0,0,0,1,1,0,2,0,0,0,0,0,0,0,0,0,1,0,0,1,0,0,0,0,0,0,0,0,0,2,0,0,0,0,0,0,0,0,0,0,0,0,0,0,0,0,0,2,0
L03F6325,0,0,0,4,1,1,0,0,0,3,5,5,8,19,3,0,3,1,0,1,0,2,6,1,0,0,3,0,2,0,0,0,1,0,6,5,15,0,13,1,0,0,48,8,6,17,8,1,2,5,1,1,1,0,2,1,9,2
L03F6326,0,0,0,0,0,0,0,0,0,0,0,0,0,0,0,0,0,0,0,0,0,0,0,0,0,0,0,0,0,0,0,1,0,0,0,0,0,0,0,0,0,0,0,0,0,0,0,0,0,0,0,0,0,0,0,0,0,0
L03F6327,0,0,0,1,0,1,0,0,0,3,2,1,1,0,1,0,3,4,0,6,1,2,3,0,1,4,0,0,2,1,1,1,1,0,0,3,2,0,1,0,0,0,1,0,0,0,0,1,0,5,2,1,0,2,1,1,7,2
L03F6328,0,0,0,0,0,0,0,0,0,0,0,0,0,1,0,0,0,0,0,0,0,0,0,0,1,0,0,0,0,0,1,2,0,0,0,1,0,0,0,0,0,0,0,0,0,1,0,0,0,0,0,0,0,0,0,0,1,0
L03F6329,0,0,1,0,0,0,0,0,0,0,0,0,0,0,0,0,0,0,0,0,0,0,0,0,0,0,0,0,0,0,0,0,0,0,0,0,0,1,0,0,0,0,0,0,0,0,0,0,0,0,0,0,0,0,0,0,0,0
L03F6330,0,0,0,26,4,12,0,0,0,7,3,7,5,14,5,14,14,2,2,2,0,3,10,0,1,10,6,5,9,3,4,4,4,1,16,15,38,19,5,1,0,0,0,13,2,2,0,16,23,43,2,4,7,14,14,13,22,15
L03F6331,0,0,0,13,1,6,0,0,0,3,1,2,1,4,4,8,10,2,3,1,0,5,4,0,0,6,3,3,3,1,3,6,2,0,4,6,29,7,1,0,0,0,0,4,2,0,1,15,20,40,1,5,9,4,17,8,20,9
L03F6332,0,0,0,9,2,5,0,0,0,1,1,2,2,5,0,7,5,0,0,0,0,3,5,2,0,1,1,1,3,1,0,1,1,0,2,3,15,3,1,0,0,0,1,3,1,0,1,2,6,10,1,4,3,7,7,1,8,8
L03F6333,0,0,0,1,0,0,0,0,0,0,0,0,0,0,0,0,0,0,0,0,0,0,0,0,0,0,0,0,0,0,0,0,0,0,1,0,0,0,0,0,0,0,0,0,0,0,0,0,0,0,0,0,0,0,0,0,0,0
L03F6334,0,0,0,0,0,0,0,0,0,0,0,0,0,0,0,0,0,0,0,0,0,0,0,0,0,0,0,0,0,0,0,0,0,0,0,0,0,0,0,0,0,0,0,0,0,0,0,0,0,0,0,0,1,0,1,0,0,0
L03F6335,0,0,0,27,12,5,0,0,0,5,68,11,7,13,3,21,9,8,11,78,70,17,90,39,19,2,1,0,6,9,4,5,48,1,16,21,7,10,29,0,0,0,11,14,30,30,20,13,10,8,6,6,7,40,8,27,108,157
L03F6336,0,0,0,0,0,0,0,0,0,0,0,0,0,0,0,0,0,0,0,0,0,0,0,0,0,0,0,0,0,0,0,0,0,0,0,0,0,0,0,0,0,0,0,0,0,0,1,0,0,0,0,0,0,0,0,0,0,0
L03F6337,0,0,0,0,0,0,0,0,0,0,0,0,0,0,0,0,0,0,0,0,0,0,1,0,0,0,0,0,0,0,0,0,0,0,0,0,0,0,0,0,0,0,0,0,0,0,0,0,0,0,0,0,0,0,0,0,0,0
L03F6338,0,0,1,0,0,0,0,0,0,0,0,1,0,0,0,0,0,0,0,0,0,0,0,0,0,2,0,0,0,0,1,0,0,0,0,0,1,0,0,0,0,0,0,1,0,1,0,0,1,0,0,0,0,0,0,0,1,1
L03F6339,0,0,0,0,0,0,0,0,0,0,0,0,0,0,0,2,0,0,0,0,0,0,0,0,0,1,0,0,0,0,0,0,0,0,0,0,0,0,0,0,0,0,0,0,0,0,0,0,0,0,0,0,0,0,0,0,0,1
L03F6340,0,0,0,1,2,0,0,0,0,1,1,0,0,5,0,1,1,0,2,3,0,1,2,1,4,1,1,0,0,1,1,0,2,0,3,3,2,0,0,0,0,0,0,0,3,0,0,1,1,0,0,0,0,3,0,0,6,2
L03F6341,0,0,0,0,0,0,0,0,0,0,0,0,0,0,0,0,0,0,0,0,0,0,0,0,0,0,0,0,0,0,0,0,0,0,0,0,0,0,0,0,0,0,0,0,0,0,0,0,0,2,1,3,0,0,0,0,2,2
L03F6342,0,0,0,0,0,0,0,0,0,0,0,0,0,0,0,0,0,0,0,0,0,0,0,0,0,0,0,0,0,1,0,0,0,0,0,0,0,0,0,0,0,0,0,0,0,0,0,0,0,0,0,0,0,0,0,0,0,0
L03F6343,0,0,0,0,0,0,0,0,0,0,0,0,0,0,0,0,0,0,0,0,0,0,0,0,0,0,0,0,3,0,0,0,0,0,8,0,0,0,0,0,0,0,0,0,0,0,0,0,0,0,0,0,0,0,0,0,0,0
L03F6344,0,0,1,89,16,26,0,0,0,29,46,52,46,128,34,36,56,12,19,28,5,22,107,24,38,64,31,6,74,21,25,43,36,5,79,56,138,51,179,0,0,1,85,24,38,57,25,114,126,162,54,39,46,69,102,101,281,166
L03F6345,0,0,1,0,0,0,0,0,0,0,0,0,1,0,0,1,1,1,0,0,0,0,1,0,0,0,0,1,0,0,0,0,1,0,0,1,1,0,4,0,0,0,0,0,0,0,0,1,3,1,0,0,1,1,0,0,2,2
L03F6346,0,0,0,0,0,0,0,0,0,0,0,0,0,2,1,0,0,1,0,0,0,1,0,0,0,1,0,0,0,0,0,0,0,0,0,2,0,0,0,0,0,0,1,0,0,0,0,0,0,0,0,0,0,0,0,0,0,0
L03F6347,0,1,0,37,7,4,0,0,0,8,15,11,13,38,1,5,8,14,8,7,3,14,45,11,14,47,27,7,3,15,22,15,15,8,11,43,25,6,22,0,0,0,14,5,4,18,4,14,17,11,13,8,4,7,10,9,36,33
L03F6348,0,0,0,7,1,4,0,0,0,1,4,2,3,5,2,2,5,3,0,0,0,0,5,0,3,10,2,5,1,1,2,2,0,0,1,4,9,3,13,0,0,0,0,0,1,2,0,2,2,5,1,0,1,2,2,1,4,4
L03F6349,0,0,0,1,0,0,0,0,0,0,0,0,0,0,0,0,0,0,0,0,0,0,0,0,0,0,0,0,0,0,0,0,0,0,0,0,0,0,0,0,0,0,0,0,0,0,0,0,0,1,1,0,0,0,0,0,0,0
L03F6350,0,0,1,878,203,176,0,5,2,297,444,370,293,962,204,415,378,218,172,353,122,367,1131,378,419,586,324,140,227,298,352,401,320,65,363,792,969,531,1152,34,2,1,577,392,356,597,258,523,528,686,327,226,346,674,480,521,1781,1780
L03F6351,3,1,4,4890,1027,1087,21,23,6,1963,3098,2396,1846,5660,1329,2587,2333,1462,1075,2469,806,2243,6900,2433,2654,3562,2003,796,1658,1666,1880,2259,2167,375,2545,4523,6359,3361,6699,142,13,6,3303,2851,2373,3317,1471,3509,3604,4756,1929,1623,2097,3062,3105,3281,11468,7486
L03F6352,0,0,0,0,0,0,0,0,0,0,2,0,0,0,0,0,0,0,0,0,0,0,0,2,0,0,0,0,0,0,0,0,0,0,0,0,0,1,0,1,0,0,1,3,2,14,0,0,0,0,0,0,1,0,0,0,0,1
L03F6353,1,0,0,42,9,8,1,1,0,9,96,6,4,20,2,44,15,9,6,14,14,24,48,46,8,10,1,1,11,2,9,11,14,3,21,26,12,18,36,1,0,0,9,30,33,31,25,21,19,18,20,5,13,65,7,41,150,237
L03F6354,0,0,0,30,3,5,1,0,0,8,118,13,7,31,18,47,15,12,5,3,3,15,40,37,12,14,16,8,6,6,14,21,9,4,15,34,14,10,24,2,0,1,7,35,30,20,14,9,9,8,3,4,5,4,12,14,54,44
L03F6355,0,1,0,7,2,4,0,0,0,5,32,12,6,19,7,20,7,6,6,9,5,2,26,26,10,7,3,3,5,8,4,5,7,1,10,18,3,12,22,1,0,0,3,11,20,13,16,4,3,3,4,2,4,6,6,7,31,19
L03F6356,0,0,1,0,0,0,0,0,0,0,0,0,0,0,0,0,0,0,0,0,0,0,0,0,0,0,0,0,0,0,0,0,0,0,0,0,0,0,0,0,0,0,0,0,0,0,0,0,0,0,0,0,0,0,0,0,0,0
L03F6357,0,0,1,0,0,0,0,0,0,0,0,0,0,0,0,0,0,0,0,0,0,0,0,0,0,0,0,0,0,0,0,0,0,0,0,0,0,0,0,0,0,0,0,0,0,0,0,0,0,0,0,0,0,0,0,0,0,0
L03F6358,0,0,1,0,0,0,0,0,0,0,0,0,0,0,0,0,0,0,0,0,0,0,0,0,0,0,0,0,0,0,0,0,0,0,0,0,0,0,0,0,0,0,0,0,0,0,0,0,0,0,0,0,0,0,0,0,0,0
L03F6359,0,0,1,0,0,0,0,0,0,0,0,0,0,0,0,0,0,0,0,0,0,0,0,0,0,0,0,0,0,0,0,0,0,0,0,0,0,0,0,0,0,0,0,0,0,0,0,0,0,0,0,0,0,0,0,0,0,0
L03F6360,0,0,1,0,0,0,0,0,0,0,0,0,0,0,0,0,0,0,0,0,0,0,0,0,0,0,0,0,0,0,0,0,0,0,0,0,0,0,0,0,0,0,0,0,0,0,0,0,0,0,0,0,0,0,0,0,0,0
L03F6361,0,0,1,0,0,0,0,0,0,0,0,0,0,0,0,0,0,0,0,0,0,0,0,0,0,0,0,0,0,0,0,0,0,0,0,0,0,0,0,0,0,0,0,0,0,0,0,0,0,0,0,0,0,0,0,0,0,0
L03F6362,0,0,1,0,0,0,0,0,0,0,0,0,0,0,0,0,0,0,0,0,0,0,0,0,0,0,0,0,0,0,0,0,0,0,0,0,0,0,0,0,0,0,0,0,0,0,0,0,0,0,0,0,0,0,0,0,0,0
L03F6363,0,0,1,0,0,0,0,0,0,0,0,0,0,0,0,0,0,0,0,0,0,0,0,0,0,0,0,0,0,0,0,0,0,0,0,0,0,0,0,0,0,0,0,0,0,0,0,0,0,0,0,0,0,0,0,0,0,0